{"files":{"index.html":{"frameworks":["fontawesome","pg.blocks","bs3.3.4","html"]},"licht.html":{"frameworks":["fontawesome","pg.blocks","bs3.3.4","html"]},"Heizkosten.html":{"frameworks":["fontawesome","bs3.3.4","html"]},"Versicherungen.html":{"frameworks":["fontawesome","bs3.3.4","html"]},"buchhaltung.html":{"frameworks":["fontawesome","bs3.3.4","html"]},"heizkosten.html":{"frameworks":["fontawesome","bs3.3.4","html"]},"heizkosten-privat.html":{"frameworks":["fontawesome","bs3.3.4","html"]},"index_ADMIN_Aug-25-215101-2015_Conflict.html":{"frameworks":["fontawesome","bs3.3.4","html"]},"licht-privat.html":{"frameworks":["fontawesome","bs3.3.4","html"]},"marketing.html":{"frameworks":["fontawesome","bs3.3.4","html"]},"steuern-privat.html":{"frameworks":["fontawesome","bs3.3.4","html"]},"tagungen.html":{"frameworks":["fontawesome","bs3.3.4","html"]},"tagungen-privat.html":{"frameworks":["fontawesome","bs3.3.4","html"]},"telekommunikation.html":{"frameworks":["fontawesome","bs3.3.4","html"]},"telekommunikation-privat.html":{"frameworks":["fontawesome","bs3.3.4","html"]},"tinte&toner.html":{"frameworks":["fontawesome","bs3.3.4","html"]},"tinte&toner-privat.html":{"frameworks":["fontawesome","bs3.3.4","html"]},"versicherungen.html":{"frameworks":["fontawesome","bs3.3.4","html"]},"versicherungen-privat.html":{"frameworks":["fontawesome","bs3.3.4","html"]}},"breakpoints":[300,480,768,801,901,992,1200]}